Compound.ID,Minimum.Degree,Molecular.Weight,Number.of.H.Bond.Donors,Number.of.Rings,Number.of.Rotatable.Bonds,Polar.Surface.Area,measured.log.solubility.in.mols.per.litre,solubility.above.or.below.median
Amigdalin,1,457.4320000000001,7,3,7,202.31999999999996,-0.77,1
Fenfuram,1,201.22500000000002,1,2,2,42.24,-3.3,0
citral,1,152.237,0,0,4,17.07,-2.06,1
Picene,2,278.354,0,5,0,0,-7.87,0
Thiophene,2,84.14299999999999,0,1,0,0,-1.33,1
benzothiazole,2,135.191,0,2,0,12.89,-1.5,1
"2,2,4,6,6'-PCB",1,326.437,0,2,1,0,-7.32,0
Estradiol,1,272.388,2,4,0,40.46,-5.03,0
Dieldrin,1,380.913,0,5,0,12.53,-6.29,0
Rotenone,1,394.42300000000023,0,5,3,63.22,-4.42,0
2-pyrrolidone,1,85.10600000000001,1,1,0,29.1,1.07,1
2-Chloronapthalene,1,162.61899999999997,0,2,0,0,-4.14,0
1-Pentene ,1,70.135,0,0,2,0,-2.68,1
Primidone,1,218.256,2,2,2,58.2,-2.64,1
Tetradecane,1,198.39399999999995,0,0,11,0,-7.96,0
2-Chloropropane,1,78.542,0,0,0,0,-1.41,1
2-Methylbutanol,1,88.14999999999999,1,0,2,20.23,-0.47,1
Benzonitrile,1,103.12399999999997,0,1,0,23.79,-1,1
Diazinon,1,304.35200000000003,0,1,7,53.47,-3.64,0
2-Undecanol,1,172.312,1,0,8,20.23,-2.94,0
"2,2',3,4,6-PCB",1,326.437,0,2,1,0,-7.43,0
Lenacil,1,234.29899999999995,1,3,1,54.86,-4.593999999999999,0
Phorate,1,260.38599999999997,0,0,8,18.46,-4.11,0
Phenacetin,1,179.219,1,1,3,38.33,-2.35,1
Dinitramine,1,322.243,1,1,5,115.54000000000002,-5.47,0
1-Heptanol,1,116.204,1,0,5,20.23,-1.81,1
Theophylline,1,180.16699999999997,1,2,0,72.68,-1.39,1
Butethal,1,212.249,2,1,4,75.27000000000001,-1.661,1
"P,P'-DDE",1,318.0300000000001,0,2,2,0,-6.9,0
Methyl octanoate,1,158.24099999999999,0,0,6,26.3,-3.17,0
"1,4-Diethylbenzene ",1,134.22199999999998,0,1,2,0,-3.75,0
Terbufos,1,288.44,0,0,7,18.46,-4.755,0
Phenmedipham,1,300.314,2,2,3,76.66,-4.805,0
"1,1-Dichloroethylene",1,96.94399999999999,0,0,0,0,-1.64,1
1-Methylfluorene,1,180.25000000000003,0,3,0,0,-5.22,0
Valeraldehyde,1,86.13399999999999,0,0,3,17.07,-0.85,1
Diphenylamine,2,169.227,1,2,2,12.03,-3.5039999999999996,0
Fenothiocarb,1,253.367,0,1,6,29.540000000000003,-3.927,0
Piperophos,1,353.4900000000001,0,1,9,38.77,-4.15,0
1-Iodoheptane,1,226.101,0,0,5,0,-4.81,0
3-Chlorobiphenyl,1,188.657,0,2,1,0,-4.88,0
4-Pentene-1-ol,1,86.134,1,0,3,20.23,-0.15,1
Cyclobutyl-5-spirobarbituric acid,1,168.15200000000002,2,2,0,75.27,-1.655,1
menthol,1,156.269,1,1,1,20.23,-2.53,1
Isopropyl formate,1,88.106,0,0,2,26.3,-0.63,1
2-Heptanol ,1,116.20399999999998,1,0,4,20.23,-1.55,1
p-Bromoacetanilide,1,214.06199999999998,1,1,1,29.1,-3.083,0
brompyrazone,1,266.098,1,2,1,60.910000000000004,-3.127,0
nifedipine,1,346.33900000000017,1,2,4,107.77,-4.76,0
"2,7-dimethylquinoline",1,157.216,0,2,0,12.89,-1.94,1
1-Octyne ,1,110.19999999999999,0,0,4,0,-3.66,0
cyclobarbital,1,236.27099999999993,2,2,2,75.27000000000001,-2.17,1
Chrysene,2,228.29399999999998,0,4,0,0,-8.057,0
Bromacil,1,261.11899999999997,1,1,2,54.86,-2.523,1
"2,2',3,3',5,6-PCB",1,360.88200000000006,0,2,1,0,-8.6,0
2-Methylphenol,1,108.13999999999999,1,1,0,20.23,-0.62,1
"2,2,5-Trimethylhexane",1,128.259,0,0,2,0,-5.05,0
"1,4-Dimethylnaphthalene ",1,156.228,0,2,0,0,-4.14,0
6-Methylchrysene,1,242.321,0,4,0,0,-6.57,0
2-Pentanone,1,86.13399999999999,0,0,2,17.07,-0.19,1
"2,2',3,3',5,5',6,6'-PCB",1,429.77200000000016,0,2,1,0,-9.15,0
Methyl butyrate,1,116.15999999999998,0,0,3,26.3,-0.82,1
Triamcinolone,1,394.43900000000014,4,4,2,115.06000000000002,-3.68,0
p-Aminophenol,1,109.12799999999999,2,1,0,46.25,-0.8,1
Benznidazole,1,260.253,1,2,5,90.06,-2.81,1
"Atovaquone(0,430mg/ml) - neutral",1,366.84400000000016,1,4,2,54.37,-5.931,0
Trietazine,1,229.71499999999997,1,1,5,53.940000000000005,-4.06,0
Pyrazinamide,1,123.11499999999998,1,1,1,68.87,-0.667,1
Carbromal,1,237.09699999999998,2,0,3,72.19,-2.68,1
"2,2'-PCB",1,223.102,0,2,1,0,-5.27,0
nitrofurantoin,1,238.15899999999996,1,2,3,118.04999999999998,-3.38,0
Nitrofen,1,284.09799999999996,0,2,3,52.37,-5.46,0
Camphor,1,152.237,0,2,0,17.07,-1.96,1
5-Allyl-5-phenylbarbital,1,244.25,2,2,3,75.27000000000001,-2.369,1
Pentyl propanoate,1,130.18699999999998,0,0,4,26.3,-2.25,1
Isopentyl acetate,1,130.18699999999998,0,0,3,26.3,-1.92,1
3-Hexanoyloxymethylphenyltoin,1,380.444,1,3,8,75.71,-5.886,0
"2,3',5-PCB",1,257.547,0,2,1,0,-6.01,0
1-Bromopropane,1,122.993,0,0,1,0,-1.73,1
Propiconazole,1,342.2260000000001,0,3,5,49.17,-3.4930000000000003,0
Formothion,1,257.27299999999997,0,0,6,55.84,-1.995,1
4-methylpteridine,1,146.15299999999996,0,2,0,51.56,-0.466,1
Thiourea,1,76.12400000000001,2,0,0,52.04,0.32,1
p-Xylene ,1,106.16799999999999,0,1,0,0,-2.77,1
"1,2-Diethylbenzene",1,134.22199999999998,0,1,2,0,-3.28,0
Hexachloroethane,1,236.74,0,0,0,0,-3.67,0
Flucythrinate,1,451.46900000000005,0,3,9,68.55000000000001,-6.876,0
1-Nitropropane,1,89.09399999999998,0,0,2,43.14,-0.8,1
Menthone,1,154.253,0,1,1,17.07,-2.35,1
RTI 24,1,273.723,1,3,1,45.230000000000004,-5.36,0
"2,3-Dichloronitrobenzene",1,192.00100000000003,0,1,1,43.14,-3.48,0
thiamylal,1,254.35500000000002,2,1,5,58.2,-3.46,0
Fluoranthene,2,202.25599999999997,0,4,0,0,-6,0
Propylisopropylether,1,102.17699999999998,0,0,3,9.23,-1.34,1
"1,3-Dimethylnaphthalene",1,156.22799999999998,0,2,0,0,-4.29,0
diethylstilbestrol,1,268.356,2,2,4,40.46,-4.07,0
Chlorothalonil,1,265.914,0,1,0,47.58,-5.64,0
"2,3',4',5-PCB",1,291.992,0,2,1,0,-7.25,0
styrene oxide,2,120.15099999999995,0,2,1,12.53,-1.6,1
Isopropylbenzene ,1,120.19499999999995,0,1,1,0,-3.27,0
Deoxycorticosterone,1,330.4680000000001,1,4,2,54.370000000000005,-3.45,0
chlorquinox,1,267.93,0,2,0,25.78,-5.43,0
L-arabinose,1,150.13,4,1,0,90.15,0.39,1
Dichloromethane,1,84.93299999999999,0,0,0,0,-0.63,1
1-Ethylnaphthalene ,1,156.22799999999998,0,2,1,0,-4.17,0
Methyl formate,1,60.05200000000001,0,0,1,26.3,0.58,1
o-Nitrophenol,1,139.10999999999999,1,1,1,63.37,-1.74,1
thymine,1,126.115,2,1,0,65.72,-1.506,1
2-Methylpropane,1,58.123999999999995,0,0,0,0,-2.55,1
Inosine,1,268.22900000000004,4,3,2,133.75,-1.23,1
Ioxynil,1,370.91499999999996,1,1,0,44.019999999999996,-3.61,0
Niclosamide,1,327.1230000000001,2,2,3,92.47,-4.7,0
Pentane,1,72.151,0,0,2,0,-3.18,0
Phenol,1,94.11299999999999,1,1,0,20.23,0,1
2-aminoanthracene,1,193.249,1,3,0,26.02,-5.17,0
theobromine,1,180.16699999999997,1,2,0,72.68,-2.523,1
Isoquinoline,2,129.16199999999998,0,2,0,12.89,-1.45,1
Anilofos,1,367.86,0,1,7,38.77,-4.4319999999999995,0
Hexylbenzene ,1,162.276,0,1,5,0,-5.21,0
2-Chlorobiphenyl,1,188.657,0,2,1,0,-4.54,0
2-Methyl-1-Pentene,1,84.16199999999999,0,0,2,0,-3.03,0
"2,3,4-Trimethylpentane",1,114.23199999999999,0,0,2,0,-4.8,0
Pentachlorobenzene,1,250.339,0,1,0,0,-5.65,0
m-Nitrophenol,1,139.10999999999999,1,1,1,63.37,-1.01,1
1-Decene,1,140.26999999999998,0,0,7,0,-5.51,0
Glyceryl triacetate,1,218.20499999999998,0,0,5,78.9,-0.6,1
dimethirimol,1,209.29299999999998,1,1,4,49.25000000000001,-2.24,1
Cyfluthrin,1,434.29400000000015,0,3,6,59.32000000000001,-7.337000000000001,0
Pyridine,2,79.10199999999998,0,1,0,12.89,0.76,1
1-Bromoheptane,1,179.101,0,0,5,0,-4.43,0
"3,4-Dimethylpyridine",1,107.15599999999999,0,1,0,12.89,0.36,1
Fludrocortisone,1,380.45600000000013,3,4,2,94.83,-3.43,0
ethiofencarb,1,225.313,1,1,4,38.33,-2.09,1
Malonic acid diethylester,1,160.16899999999998,0,0,4,52.60000000000001,-0.82,1
d-Limonene,1,136.238,0,1,1,0,-4.26,0
Indan,2,118.17899999999997,0,2,0,0,-3.04,0
p-t-Butylphenol,1,150.22099999999998,1,1,0,20.23,-2.41,1
Cyclopropyl-5-spirobarbituric acid,1,154.125,2,2,0,75.27,-1.886,1
m-Chloroiodobenzene,1,238.45499999999998,0,1,0,0,-3.55,0
1-Bromonapthalene,1,207.07,0,2,0,0,-4.35,0
trans-2-Pentene ,1,70.135,0,0,1,0,-2.54,1
"2,6-Dimethylpyridine",1,107.156,0,1,0,12.89,0.45,1
Trichloroethylene,1,131.389,0,0,0,0,-1.96,1
1-Napthylamine,1,143.189,1,2,0,26.02,-1.92,1
m-Xylene ,1,106.16799999999999,0,1,0,0,-2.82,1
2-hydroxypteridine,1,148.125,1,2,0,71.79,-1.9469999999999998,1
Methanol,1,32.042,1,0,0,20.23,1.57,1
Amobarbital,1,226.27599999999998,2,1,4,75.27000000000001,-2.468,1
2-Butanone,1,72.107,0,0,1,17.07,0.52,1
5-fluorouracil,1,130.078,2,1,0,65.72,-1.077,1
tubercidin,1,266.257,4,3,2,126.65,-1.95,1
"1,3-Benzenediol",1,110.11199999999998,2,1,0,40.46,0.81,1
1-Hexanol,1,102.17699999999999,1,0,4,20.23,-1.24,1
1-Chloropentane,1,106.596,0,0,3,0,-2.73,1
"1,3-Butadiene",1,54.09199999999999,0,0,1,0,-1.87,1
Propyl acetate,1,102.13299999999998,0,0,2,26.3,-0.72,1
"5,6,7,8-tetrahydro-2-naphthol",1,148.205,1,2,0,20.23,-1.99,1
chloroacetamide,1,93.513,1,0,1,43.09,-0.02,1
Iodofenphos,1,413,0,1,4,27.69,-6.62,0
4-Chlorotoluene,1,126.586,0,1,0,0,-3.08,0
Metribuzin,1,214.29399999999998,1,1,1,73.8,-2.253,1
Tricresyl phosphate,1,368.3690000000001,0,3,6,44.760000000000005,-6.01,0
Caproaldehyde,1,100.16099999999999,0,0,4,17.07,-1.3,1
Butamben,1,193.24599999999998,1,1,4,52.32,-3.082,0
RTI 3,1,255.277,1,3,0,68.45,-3.043,0
Nerol,1,154.253,1,0,4,20.23,-2.46,1
"2,4'-PCB",1,223.102,0,2,1,0,-5.28,0
3-Octanoyloxymethylphenytoin,1,408.498,1,3,10,75.71,-6.523,0
Nitroethane,1,75.067,0,0,1,43.14,-0.22,1
Ethalfluralin,1,333.266,0,1,6,89.51999999999998,-6.124,0
"1,2,3,4-Tetrachlorobenzene",1,215.894,0,1,0,0,-4.57,0
Meprobamate,1,218.25299999999996,2,0,6,104.63999999999999,-1.807,1
pregnenolone,1,316.48500000000007,1,4,1,37.3,-4.65,0
Iodomethane,1,141.939,0,0,0,0,-1,1
cycloheximide,1,281.35200000000003,2,2,3,83.47,-1.13,1
3-Heptanoyloxymethylphenytoin,1,394.471,1,3,9,75.71,-6.301,0
isophorone,1,138.20999999999998,0,1,0,17.07,-1.06,1
Butabarbital,1,212.24899999999997,2,1,3,75.27000000000001,-2.39,1
5-Nonanone,1,142.242,0,0,6,17.07,-2.58,1
Glutethimide,1,217.268,1,2,2,46.17,-2.3369999999999997,1
3-Methylpentane,1,86.178,0,0,2,0,-3.68,0
Etofenprox,1,376.49600000000004,0,3,9,27.69,-8.6,0
Methaqualone,1,250.30100000000002,0,3,1,34.89,-2.925,0
Chloroacetonitrile,1,75.498,0,0,0,23.79,-0.092,1
Trichloronate,1,333.60400000000004,0,1,5,18.46,-5.752000000000001,0
Ethisterone,1,312.45300000000003,1,4,0,37.3,-5.66,0
Pyridazine,2,80.08999999999999,0,1,0,25.78,1.1,1
"1,2,3,5-Tetrachlorobenzene",1,215.894,0,1,0,0,-4.63,0
Diosgenin,1,414.63000000000017,1,6,0,38.69,-7.32,0
o-Aminophenol,1,109.12799999999999,2,1,0,46.25,-0.72,1
Ethyl nonanoate,1,186.295,0,0,8,26.3,-3.8,0
metalaxyl,1,279.336,0,1,5,55.84,-1.601,1
Propoxur,1,209.24499999999998,1,1,3,47.56,-2.05,1
2-Chlorobutane,1,92.569,0,0,1,0,-1.96,1
2-Napthol,1,144.17299999999997,1,2,0,20.23,-2.28,1
Oxadiazon,1,345.22600000000017,0,2,3,57.26,-5.696000000000001,0
1-Hexyne ,1,82.14599999999999,0,0,2,0,-2.36,1
1-Nonyne ,1,124.22699999999999,0,0,5,0,-4.24,0
2-Chlorotoluene,1,126.586,0,1,0,0,-3.52,0
Diisopropyl ether ,1,102.17699999999999,0,0,2,9.23,-1.1,1
Dapsone,1,248.307,2,2,2,86.18,-3.094,0
Methyl hydrazine,1,46.073,2,0,0,38.05,1.34,1
Propyne,1,40.065000000000005,0,0,0,0,-0.41,1
Phoxim,1,298.304,0,1,7,63.839999999999996,-4.862,0
Propetamphos,1,281.314,1,0,7,56.790000000000006,-3.408,0
Acrolein,1,56.064,0,0,1,17.07,0.57,1
Hypoxanthine,1,136.114,2,2,0,74.43,-2.296,1
6-hydroxyquinoline,1,145.161,1,2,0,33.120000000000005,-2.16,1
Fluorobenzene,1,96.103999999999985,0,1,0,0,-1.8,1
1-Chloropropane,1,78.542,0,0,1,0,-1.47,1
Ethyl acetate,1,88.106,0,0,1,26.3,-0.04,1
"2,2-Dimethylpentane",1,100.20499999999998,0,0,1,0,-4.36,0
Pentamethylbenzene,1,148.249,0,1,0,0,-4,0
eucalyptol,1,154.253,0,3,0,9.23,-1.64,1
dibutyl sebacate,1,314.46600000000007,0,0,15,52.60000000000001,-3.8960000000000004,0
"4,4'-PCB",1,223.102,0,2,1,0,-6.56,0
"2,3-Dimethylpyridine",1,107.156,0,1,0,12.89,0.38,1
Carvone,1,150.22099999999998,0,1,1,17.07,-2.06,1
Carbophenthion,1,342.875,0,1,8,18.46,-5.736000000000001,0
"Etoposide (148-167,25mg/ml)",1,588.5620000000001,3,7,5,160.83,-3.571,0
Perylene,2,252.31599999999997,0,5,0,0,-8.804,0
"2,4-Dinitrotoluene",1,182.135,0,1,2,86.28,-2.82,1
2-bromonaphthalene,1,207.07000000000002,0,2,0,0,-4.4,0
Formetanate,1,221.26,1,1,3,53.93,-2.34,1
6-methoxypteridine,1,162.15200000000002,0,2,1,60.790000000000006,-1.139,1
nevirapine,1,266.30400000000003,1,4,1,58.120000000000005,-3.19,0
Isazofos,1,313.747,0,1,7,58.4,-3.658,0
"2-Methyl-1,3-Butadiene ",1,68.11900000000001,0,0,1,0,-2.03,1
linalool,1,154.253,1,0,4,20.23,-1.99,1
Fenthion,1,278.335,0,1,5,27.69,-4.57,0
Cyclohexanol ,1,100.161,1,1,0,20.23,-0.44,1
5-Allyl-5-methylbarbital,1,182.17899999999997,2,1,2,75.27000000000001,-1.16,1
Epiandrosterone,1,290.447,1,4,0,37.3,-4.16,0
mannitol,1,182.172,6,0,5,121.38000000000001,0.06,1
4-Methylbiphenyl,1,168.239,0,2,1,0,-4.62,0
Atrazine,1,215.68800000000002,2,1,4,62.730000000000004,-3.85,0
Phenylthiourea,1,152.22199999999998,2,1,1,38.05,-1.77,1
4-Heptanone,1,114.18799999999999,0,0,4,17.07,-1.3,1
"3,3-Dimethyl-2-butanone",1,100.16099999999999,0,0,0,17.07,-0.72,1
4-Chlorophenol ,1,128.558,1,1,0,20.23,-0.7,1
Cyclohexanone,1,98.14500000000001,0,1,0,17.07,-0.6,1
m-Methylaniline,1,107.156,1,1,0,26.02,-0.85,1
Trichloroacetonitrile,1,144.388,0,0,0,23.79,-2.168,1
norflurazon,1,303.67100000000005,1,2,2,46.92,-4.046,0
2-Decanone,1,156.269,0,0,7,17.07,-3.3,0
Ipazine,1,243.74200000000002,1,1,5,53.940000000000005,-3.785,0
Benzocaine,1,165.19199999999998,1,1,2,52.32,-2.616,1
"1,2,4-Trichlorobenzene",1,181.449,0,1,0,0,-3.59,0
Triazolam,1,343.2170000000001,0,4,1,43.07,-4.09,0
"1,2-Benzenediol",1,110.11199999999998,2,1,0,40.46,0.62,1
Reverse Transcriptase inhibitor 1,1,254.29299999999998,0,3,1,49.330000000000005,-2.62,1
Dimethyl sulfide,1,62.137,0,0,0,0,-0.45,1
2-Bromotoluene,1,171.03699999999998,0,1,0,0,-2.23,1
O-Ethyl carbamate,1,89.09400000000001,1,0,1,52.32,0.85,1
megestrol acetate,1,384.5160000000002,0,4,2,60.440000000000005,-5.35,0
"2,4-Dimethyl-3-pentanol",1,116.20399999999998,1,0,2,20.23,-1.22,1
Napthalene,2,128.17399999999995,0,2,0,0,-3.6,0
N-Ethylaniline,1,121.18299999999995,1,1,2,12.03,-1.7,1
Phenytoin,1,252.27300000000002,2,3,2,58.2,-4.0969999999999995,0
"7,12-Dimethylbenz(a)anthracene",1,256.348,0,4,0,0,-7.02,0
Dialifor,1,393.85400000000016,0,2,8,55.84,-6.34,0
Methoxychlor,1,345.6529999999999,0,2,4,18.46,-6.89,0
TEFLUBENZURON,1,381.1120000000001,2,2,2,58.2,-7.28,0
3-Pentanoyloxymethylphenytoin,1,366.41700000000003,1,3,7,75.71,-4.678,0
Monuron,1,198.653,1,1,1,32.34,-2.89,0
Flutriafol,1,301.296,1,3,4,50.94,-3.37,0
triamcinolone diacetate,1,478.51300000000026,2,4,4,127.20000000000002,-4.13,0
1-Bromobutane,1,137.01999999999998,0,0,2,0,-2.37,1
"1,2,4,5-Tetrabromobenzene",1,393.69800000000004,0,1,0,0,-6.98,0
4-Methyl-2-pentanone,1,100.16099999999999,0,0,2,17.07,-0.74,1
cycloate,1,215.36199999999994,0,1,3,20.310000000000002,-3.4,0
4-Chloroanisole,1,142.585,0,1,1,9.23,-2.78,1
Deltamethrin,1,505.20600000000024,0,3,6,59.32000000000001,-8.402000000000001,0
Talbutal,1,224.26,2,1,4,75.27000000000001,-2.016,1
Fenitrothion,1,277.238,0,1,5,70.83000000000001,-4.04,0
1-Iodonapthalene,1,254.07000000000002,0,2,0,0,-4.55,0
Sorbitol,1,182.172,6,0,5,121.38000000000001,1.09,1
Ethanethiol,1,62.137,1,0,0,0,-0.6,1
"1,1,2-Trichloroethane",1,133.405,0,0,1,0,-1.48,1
Pyrolan,1,245.282,0,2,2,47.36000000000001,-2.09,1
o-Hydroxybenzamide,1,137.13799999999998,2,1,1,63.32000000000001,-1.82,1
o-Nitrotoluene,1,137.138,0,1,1,43.14,-2.33,1
"5,5-Diisopropylbarbital",1,212.249,2,1,2,75.27000000000001,-2.766,1
2-Ethyltoluene,1,120.19499999999996,0,1,1,0,-3.21,0
1-Chloroheptane,1,134.65,0,0,5,0,-4,0
Barbital,1,184.19499999999996,2,1,2,75.27000000000001,-2.4,1
Bibenzyl ,2,182.266,0,2,3,0,-4.62,0
"1,1,2,2-Tetrachloroethane",1,167.85,0,0,1,0,-1.74,1
RTI 23,1,283.331,1,3,2,54.46,-5.153,0
2-Methylphenanthrene,1,192.261,0,3,0,0,-5.84,0
dibutylphthalate,1,278.348,0,1,8,52.60000000000001,-4.4,0
tetrachloroguaiacol,1,261.919,1,1,1,29.46,-4.02,0
Dimecron,1,299.6909999999999,0,0,8,65.07000000000001,0.523,1
Equilin,1,268.356,1,4,0,37.3,-5.282,0
Chlorimuron-ethyl (ph 7),1,414.82700000000017,1,2,8,127.79,-4.5760000000000005,0
p-Nitroanisole,1,153.13699999999997,0,1,2,52.37,-2.41,1
1-Chlorohexane,1,120.623,0,0,4,0,-3.12,0
"2,2',3,3',4,4',5,5'-PCB",1,429.77200000000016,0,2,1,0,-9.16,0
Raffinose,1,504.43800000000005,11,3,8,268.67999999999995,-0.41,1
hexacosane,1,366.7180000000002,0,0,23,0,-8.334,0
RTI 5,1,253.30499999999995,0,3,1,36.44,-3.324,0
"1,1-Dichloroethane",1,98.96000000000001,0,0,0,0,-1.29,1
Sulfanilamide,1,172.20899999999997,2,1,1,86.18,-1.34,1
Isopropalin,1,309.36600000000004,0,1,8,89.51999999999998,-6.49,0
Lindane,1,290.832,0,1,0,0,-4.64,0
Isofenphos,1,345.4010000000002,1,1,8,56.790000000000006,-4.194,0
"1,2,3-Trichlorobenzene",1,181.44899999999998,0,1,0,0,-4,0
Tetrachloromethane,1,153.823,0,0,0,0,-2.31,1
"3,4-Dichloronitrobenzene",1,192.001,0,1,1,43.14,-3.2,0
Cyclooctanol,1,128.215,1,1,0,20.23,-1.29,1
17a-Methyltestosterone,1,302.4580000000001,1,4,0,37.3,-3.9989999999999997,0
Dulcin,1,180.20699999999997,2,1,3,64.35,-2.17,1
"trans-1,4-Dimethylcyclohexane",1,112.216,0,1,0,0,-4.47,0
"1,7-phenantroline",2,180.20999999999998,0,3,0,25.78,-2.68,1
Methyl t-butyl ether ,1,88.14999999999999,0,0,0,9.23,-0.24,1
Anethole,1,148.20499999999998,0,1,2,9.23,-3.13,0
1-Hexadecanol,1,242.44699999999992,1,0,14,20.23,-7,0
uracil,1,112.088,2,1,0,65.72,-1.4880000000000002,1
adenine,1,135.13,2,2,0,80.47999999999999,-2.12,1
"2,2',3,4,5-PCB",1,326.437,0,2,1,0,-7.21,0
Ancymidol,1,256.30499999999995,1,3,4,55.24,-2.596,1
Benzo(b)fluoranthene,2,252.31599999999997,0,5,0,0,-8.23,0
Carbanilide,1,212.25199999999998,2,2,2,41.13,-3.15,0
phenobarbital,1,232.239,2,2,2,75.27000000000001,-2.322,1
"2',3,4-PCB",1,257.547,0,2,1,0,-6.29,0
Isoproturon,1,206.289,1,1,2,32.34,-3.536,0
Azintamide,1,259.762,0,1,5,46.09,-1.716,1
"2,2-Dimethyl-1-butanol",1,102.17699999999998,1,0,2,20.23,-1.04,1
Ethyl pentanoate,1,130.18699999999998,0,0,4,26.3,-1.75,1
"2,4,6-Trinitrotoluene",1,227.13199999999998,0,1,3,129.42000000000002,-3.22,0
Bensulide,1,397.52400000000006,1,1,10,64.63,-4.2,0
Cycloheptane,2,98.18900000000001,0,1,0,0,-3.51,0
Propyl formate,1,88.10599999999998,0,0,3,26.3,-0.49,1
2-Isopropyltoluene,1,134.22199999999995,0,1,1,0,-3.76,0
m-Chloroaniline,1,127.574,1,1,0,26.02,-1.37,1
"2,4-Dimethylpentane",1,100.20499999999998,0,0,2,0,-4.26,0
Dibenzofurane,2,168.195,0,3,0,13.14,-4.6,0
ethofumesate,1,286.34900000000005,0,2,4,61.830000000000005,-3.42,0
Fluometuron,1,232.20499999999996,1,1,1,32.34,-3.43,0
Acridine,2,179.22199999999998,0,3,0,12.89,-3.67,0
Cortisone,1,360.45000000000016,2,4,2,91.67,-3.11,0
glucose,1,180.156,5,1,1,110.38000000000001,0.74,1
3-Methylphenol,1,108.13999999999999,1,1,0,20.23,-0.68,1
Indapamide,1,365.84200000000004,2,3,3,92.5,-3.5860000000000003,0
Lovastatin,1,404.54700000000025,1,3,6,72.83,-6.005,0
"1,4-Dinitrobenzene",1,168.10799999999995,0,1,2,86.28,-3.39,0
Reposal,1,262.30899999999997,2,3,2,75.27000000000001,-2.696,1
Ethyl decanoate,1,200.32199999999997,0,0,9,26.3,-4.1,0
Fenuron,1,164.208,1,1,1,32.34,-1.6,1
Ethyl propyl ether,1,88.14999999999999,0,0,3,9.23,-0.66,1
2-Propanol,1,60.096000000000004,1,0,0,20.23,0.43,1
2-Methylnapthalene,1,142.201,0,2,0,0,-3.77,0
Chlorodibromethane,1,208.28,0,0,0,0,-1.9,1
Hexestrol,1,270.372,2,2,5,40.46,-4.43,0
Malathion,1,330.3640000000001,0,0,9,71.06,-3.37,0
Benzylchloride,1,126.58599999999996,0,1,1,0,-2.39,1
t-Crotonaldehyde,1,70.09100000000001,0,0,1,17.07,0.32,1
Chlorbromuron,1,293.548,1,1,2,41.57,-3.924,0
"9,10-Dimethylanthracene",1,206.28799999999998,0,3,0,0,-6.57,0
Methyl hexanoate,1,130.18699999999998,0,0,4,26.3,-1.87,1
Dimefuron,1,338.79500000000013,1,2,2,80.37,-4.328,0
p-Fluoroacetanilide,1,153.156,1,1,1,29.1,-1.78,1
alachlor,1,269.77199999999993,0,1,6,29.54,-3.26,0
Cyclohexene,2,82.146,0,1,0,0,-2.59,1
Hydrocortisone ,1,362.4660000000002,3,4,2,94.83,-3.09,0
Pyrimidine,2,80.08999999999999,0,1,0,25.78,1.1,1
p-Chloronitrobenzene,1,157.55599999999998,0,1,1,43.14,-2.92,0
Methyl propionate,1,88.106,0,0,1,26.3,-0.14,1
o-Chloronitrobenzene,1,157.55599999999998,0,1,1,43.14,-2.55,1
Neburon,1,275.179,1,1,4,32.34,-4.77,0
Buthidazole,1,256.33099999999996,1,2,1,69.56,-1.8769999999999998,1
Nitrobenzene,1,123.11099999999996,0,1,1,43.14,-1.8,1
Iodobenzene,1,204.01000000000002,0,1,0,0,-3.01,0
Metolazone,1,365.8420000000001,2,3,2,92.5,-3.78,0
Methocarbamol,1,241.24299999999994,2,1,6,91.00999999999999,-0.985,1
butachlor,1,311.85300000000007,0,1,9,29.54,-4.19,0
"2,3-Dichlorophenol",1,163.003,1,1,0,20.23,-1.3,1
Propyl butyrate,1,102.13299999999998,0,0,2,26.3,-1.92,1
Propanil,1,218.08299999999997,1,1,2,29.1,-3,0
Triamterene,1,253.26900000000003,3,3,1,129.62,-2.404,1
Ethyl hexanoate,1,144.21399999999997,0,0,5,26.3,-2.35,1
chloralose,1,309.529,3,2,2,88.38000000000001,-1.84,1
Amitraz,1,293.41400000000004,0,2,4,27.96,-5.47,0
Prometon,1,225.296,2,1,5,71.96000000000001,-2.478,1
1-Octene ,1,112.216,0,0,5,0,-4.44,0
p-Methylaniline ,1,107.156,1,1,0,26.02,-1.21,1
aminothiazole,1,100.14599999999999,1,1,0,38.91,-0.36,1
Metolcarb,1,151.165,1,1,1,38.33,-1.8030000000000002,1
3-Hexanol,1,102.17699999999999,1,0,3,20.23,-0.8,1
9-anthrol,1,194.23299999999998,1,3,0,20.23,-4.73,0
2-Methylanthracene,1,192.261,0,3,0,0,-6.96,0
"1,2,3-Trimethylbenzene ",1,120.195,0,1,0,0,-3.2,0
Aminocarb,1,208.26099999999997,1,1,2,41.57,-2.36,1
2-Nonanol,1,144.258,1,0,6,20.23,-2.74,1
Methyldymron,1,268.36,1,2,3,32.34,-3.35,0
3-Hexanone,1,100.16099999999999,0,0,3,17.07,-0.83,1
bromoxynil,1,276.91499999999996,1,1,0,44.019999999999996,-3.33,0
"3,4-PCB",1,223.102,0,2,1,0,-6.39,0
Mefenacet,1,298.367,0,3,4,42.43000000000001,-4.873,0
5-hydroxyquinoline,1,145.161,1,2,0,33.120000000000005,-2.54,1
Carboxin,1,235.30800000000002,1,2,2,38.33,-3.14,0
Ethoxyzolamide,1,258.324,1,2,3,82.28,-3.81,0
Pentachlorophenol,1,266.33799999999997,1,1,0,20.23,-4.28,0
Bromochloromethane,1,129.384,0,0,0,0,-0.89,1
metharbital,1,198.22199999999998,1,1,2,66.48,-2.23,1
deoxycorticosterone acetate,1,372.5050000000002,0,4,3,60.440000000000005,-4.63,0
benzylurea,1,150.18099999999998,2,1,2,55.120000000000005,-0.95,1
Chlortoluron,1,212.67999999999998,1,1,1,32.34,-3.483,0
Linuron,1,249.09699999999998,1,1,2,41.57,-3.592,0
Cycloheptanol,1,114.188,1,1,0,20.23,-0.88,1
Thiamphenicol,1,356.2270000000001,3,1,6,103.70000000000002,-2.154,1
thiopental,1,242.34400000000002,2,1,4,58.2,-3.36,0
acetazolamide,1,222.251,2,1,2,115.03999999999999,-2.36,1
p-Nitrophenol,1,139.10999999999999,1,1,1,63.37,-0.74,1
Aldrin,1,364.914,0,4,0,0,-6.307,0
Tetrahydrofurane ,2,72.107,0,1,0,9.23,0.49,1
o-Nitroaniline,1,138.126,1,1,1,69.16,-1.96,1
"2,2',3,3'-PCB",1,291.99199999999996,0,2,1,0,-7.28,0
phenylbutazone,1,308.38100000000003,0,3,5,40.620000000000005,-3.81,0
"2,6-Dinitrotoluene",1,182.135,0,1,2,86.28,-3,0
Progesterone,1,314.46900000000005,0,4,1,34.14,-4.42,0
Chlorazine,1,257.76899999999995,0,1,6,45.150000000000006,-4.4110000000000005,0
captafol,1,349.06600000000014,0,2,3,37.38,-5.4,0
"1,2,4-tribromobenzene",1,314.802,0,1,0,0,-4.5,0
Oxazepam,1,286.718,2,3,1,61.690000000000005,-3.952,0
Secobarbital,1,238.28699999999995,2,1,5,75.27000000000001,-2.356,1
Carvacrol,1,150.22099999999998,1,1,1,20.23,-2.08,1
rhodanine,1,133.197,1,1,0,29.1,-1.77,1
Morin,1,302.23800000000006,5,3,1,131.35999999999999,-3.083,0
Kepone,1,490.6390000000001,0,6,0,17.07,-5.2589999999999995,0
Disulfiram,1,296.5520000000001,0,0,4,6.48,-4.86,0
Cyclohexane,2,84.162,0,1,0,0,-3.1,0
Dienochlor,1,474.64,0,2,1,0,-7.278,0
chlordimeform,1,196.68099999999998,0,1,2,15.6,-2.86,0
Equilenin,1,266.34,1,4,0,37.3,-5.24,0
1-Octanol,1,130.23100000000002,1,0,6,20.23,-2.39,1
Diethyl sulfide,1,90.191,0,0,2,0,-1.34,1
"1,2-Dichloroethane",1,98.96000000000001,0,0,1,0,-1.06,1
2-Chloro-2-methylbutane,1,106.59599999999999,0,0,1,0,-2.51,1
1-Chloro-2-bromoethane,1,143.411,0,0,1,0,-1.32,1
p-Nitroaniline,1,138.126,1,1,1,69.16,-2.37,1
Lactose,1,342.297,8,2,4,189.52999999999997,-0.244,1
RTI 2,1,268.32,0,3,2,49.330000000000005,-2.86,0
Chlorobenzene,1,112.55899999999997,0,1,0,0,-2.38,1
1-Nonene ,1,126.243,0,0,6,0,-5.05,0
p-Bromoiodobenzene,1,282.90599999999995,0,1,0,0,-4.56,0
3-Methyl-3-pentanol,1,102.17699999999998,1,0,2,20.23,-0.36,1
Pentylbenzene,1,148.249,0,1,4,0,-4.64,0
allantoin,1,158.117,4,1,1,113.32,-1.6,1
Glafenine,1,372.80800000000016,3,3,6,91.67999999999999,-4.571000000000001,0
DDD,1,320.04600000000005,0,2,3,0,-7.2,0
testosterone acetate,1,330.4680000000001,0,4,1,43.370000000000005,-5.184,0
1-Chloronapthalene,1,162.61899999999997,0,2,0,0,-3.93,0
RTI 19,1,252.31699999999995,0,3,1,23.55,-4.749,0
2-Hexanol,1,102.17699999999998,1,0,3,20.23,-0.89,1
Propylcyclopentane,1,112.21600000000001,0,1,2,0,-4.74,0
Etomidate,1,244.294,0,2,4,44.12,-4.735,0
"3,4-Dichlorophenol",1,163.00300000000001,1,1,0,20.23,-1.25,1
Cypermethrin,1,416.30400000000014,0,3,6,59.32000000000001,-8.017000000000001,0
Benzoxazole,2,119.12299999999998,0,2,0,26.03,-1.16,1
1-Pentanol,1,88.14999999999999,1,0,3,20.23,-0.6,1
"N,N-Diethylaniline",1,149.237,0,1,3,3.24,-3.03,0
"1,3-Difluorobenzene",1,114.094,0,1,0,0,-2,1
3-chloropropionitrile,1,89.525,0,0,1,23.79,-0.29,1
t-Pentylbenzene,1,148.249,0,1,1,0,-4.15,0
5-Ethyl-5-phenylbarbital,1,232.239,2,2,2,75.27000000000001,-2.322,1
o-Chloroiodobenzene,1,238.45499999999998,0,1,0,0,-3.54,0
Benzotriazole,2,119.127,1,2,0,41.57,-0.78,1
Carbofuran,1,221.25599999999994,1,2,1,47.56,-2.8,1
"2,6-Dimethylphenol",1,122.16699999999999,1,1,0,20.23,-1.29,1
3-Methyl-2-butanol,1,88.14999999999999,1,0,1,20.23,-0.18,1
benzhydrol,1,184.238,1,2,2,20.23,-2.55,1
Methyl decanoate,1,186.295,0,0,8,26.3,-4.69,0
Dicapthon,1,297.656,0,1,5,70.83000000000001,-4.31,0
1-Bromo-2-methylpropane,1,137.01999999999998,0,0,1,0,-2.43,1
Iodoethane,1,155.966,0,0,0,0,-1.6,1
Pirimicarb,1,238.29099999999997,0,1,2,58.56000000000001,-1.95,1
1-Bromohexane,1,165.074,0,0,4,0,-3.81,0
2-Methylpentane,1,86.178,0,0,2,0,-3.74,0
Tetrafluthrin,1,418.7360000000001,0,2,4,26.3,-7.321000000000001,0
Metolachlor,1,283.7989999999999,0,1,6,29.54,-2.73,1
nifuroxime,1,156.09699999999998,1,1,2,88.87,-2.19,1
Fluvalinate,1,502.9200000000002,1,3,8,71.35,-8.003,0
Amitrole,1,84.082,2,1,0,67.59,0.522,1
Tribromomethane,1,252.731,0,0,0,0,-1.91,1
Trichlorfon,1,257.437,1,0,3,55.760000000000005,-0.22,1
Phosalone,1,367.8160000000001,0,2,7,53.6,-5.233,0
Phenylmethanol,1,108.13999999999997,1,1,1,20.23,-0.4,1
Coumatetralyl,1,292.33400000000006,1,4,1,50.44,-2.84,1
4-Bromophenol,1,173.00900000000001,1,1,0,20.23,-1.09,1
2-Bromopropane,1,122.993,0,0,0,0,-1.59,1
"2,2,4-Trimethylpentane",1,114.23199999999999,0,0,1,0,-4.74,0
"1,3,5-Trinitrobenzene",1,213.10499999999996,0,1,3,129.42000000000002,-2.89,0
Nimetazepam,1,295.29800000000006,0,3,2,75.81,-3.7960000000000003,0
Propane,1,44.096999999999994,0,0,0,0,-1.94,1
Minoxidil,1,209.25299999999996,2,2,1,95.10999999999999,-1.989,1
1-aminoacridine,1,194.23700000000002,1,3,0,38.91,-4.22,0
Benzo(k)fluoranthene,2,252.31599999999997,0,5,0,0,-8.49,0
Dicofol,1,370.49,1,2,2,20.23,-5.666,0
Acenapthene,2,154.21199999999996,0,3,0,0,-4.63,0
Dialifos,1,393.85400000000016,0,2,8,55.84,-6.34,0
"1,4-Dibromobenzene",1,235.90599999999998,0,1,0,0,-4.07,0
Methazole,1,261.064,0,2,1,57.14,-2.82,1
p-Phenylphenol,1,170.211,1,2,1,20.23,-3.48,0
pyracarbolid,1,217.26800000000003,1,2,2,38.33,-2.56,1
Ethyl vinyl ether,1,72.10700000000001,0,0,2,9.23,-0.85,1
1-Butyne,1,54.09199999999999,0,0,0,0,-1.24,1
4-methoxypteridine,1,162.15200000000002,0,2,1,60.790000000000006,-1.11,1
3-Methyl-3-heptanol,1,130.23099999999997,1,0,4,20.23,-1.6,1
"1,4-Dichlorobenzene",1,147.00400000000002,0,1,0,0,-3.27,0
3-Ethanoyloxymethylphenytoin,1,324.33600000000007,1,3,4,75.71,-4.47,0
"Sparsomycin (3,8mg/ml)",1,361.4450000000001,4,1,8,132.11999999999998,-1.9809999999999999,1
3-methylindole,1,131.17799999999997,1,2,0,15.79,-2.42,1
2-methoxypteridine,1,162.152,0,2,1,60.790000000000006,-1.11,1
Dioxacarb,1,223.22799999999995,1,2,2,56.790000000000006,-1.57,1
isocarbamid,1,185.22699999999998,2,1,2,61.440000000000005,-2.15,1
Acetonitrile,1,41.053,0,0,0,23.79,0.26,1
Fenoxycarb,1,301.34200000000004,1,2,7,56.790000000000006,-4.7,0
acetyl sulfisoxazole,1,293.34800000000007,1,2,3,89.43,-3.59,0
"1,1,1,2-Tetrachloroethane",1,167.85,0,0,0,0,-2.18,1
1-Butanol,1,74.12299999999999,1,0,2,20.23,0,1
Siduron,1,232.32700000000003,2,2,2,41.13,-4.11,0
"1,3,5-Trichlorobenzene",1,181.449,0,1,0,0,-4.48,0
Furfural,1,96.08499999999998,0,1,1,30.21,-0.1,1
3-Methylbutan-1-ol,1,88.14999999999999,1,0,2,20.23,-0.51,1
piperonal,1,150.13299999999998,0,2,1,35.53,-1.63,1
2-Methylpropene,1,56.108000000000004,0,0,0,0,-2.33,1
Benzaldehyde,1,106.12399999999997,0,1,1,17.07,-1.19,1
"2,3-Dimethyl-1,3-Butadiene",1,82.146,0,0,1,0,-2.4,1
Benfuracarb,1,410.53600000000023,0,2,8,68.31,-4.71,0
RTI 10,1,226.235,0,3,0,42.43,-3.6719999999999997,0
Fluorene ,2,166.22299999999998,0,3,0,0,-5,0
Methylcyclohexane ,1,98.18900000000001,0,1,0,0,-3.85,0
sulfaguanidine,1,214.25,4,1,2,122.05999999999999,-1.99,1
Methylparaben,1,152.149,1,1,1,46.53,-1.827,1
2-Methyltetrahydrofurane,1,86.134,0,1,0,9.23,0.11,1
Santonin,1,246.30599999999995,0,3,0,43.370000000000005,-3.09,0
Salicin,1,286.28,5,2,4,119.61000000000001,-0.85,1
1-Iodopropane,1,169.993,0,0,1,0,-2.29,1
Ametryn,1,227.337,2,1,5,62.730000000000004,-3.04,0
1-Propanol,1,60.096,1,0,1,20.23,0.62,1
Hydroxyprogesterone-17a,1,330.4680000000001,1,4,1,54.37,-3.8169999999999997,0
2-Pentanol,1,88.14999999999999,1,0,2,20.23,-0.29,1
benzoin,1,212.248,1,2,3,37.3,-2.85,1
"2,4-Dimethylphenol",1,122.16699999999999,1,1,0,20.23,-1.19,1
m-Chloronitrobenzene ,1,157.55599999999998,0,1,1,43.14,-2.77,1
ampyrone,1,203.245,1,2,1,52.95,-0.624,1
"2,2',4,5'-PCB",1,291.99199999999996,0,2,1,0,-6.57,0
"Hexachloro-1,3-butadiene",1,260.762,0,0,1,0,-4.92,0
Terbutryn,1,241.364,2,1,4,62.730000000000004,-4,0
3-Methyl-2-pentanol,1,102.17699999999999,1,0,3,20.23,-0.71,1
2-methylpteridine,1,146.153,0,2,0,51.56,-0.12,1
Danazol,1,337.4630000000001,1,5,0,46.260000000000005,-5.507000000000001,0
1-Iodobutane,1,184.01999999999998,0,0,2,0,-2.96,0
2-Bromonapthalene,1,207.07,0,2,0,0,-4.4,0
"Digoxin (L1=41,8mg/mL, L2=68,2mg/mL, Z=40,1mg/mL)",1,780.9490000000001,6,8,7,203.05999999999997,-4.081,0
Benzyltrifluoride,1,146.111,0,1,0,0,-2.51,1
Dihexyl phthalate,1,334.45600000000024,0,1,12,52.60000000000001,-6.144,0
Dibenzothiophene,2,184.263,0,3,0,0,-4.38,0
"2,3',4,4'-PCB",1,326.437,0,2,1,0,-7.8,0
"2,2',3,3',4,4'-PCB",1,360.88200000000006,0,2,1,0,-8.01,0
Warfarin,1,308.3330000000001,1,3,4,67.50999999999999,-3.8930000000000002,0
hydrobenzoin,1,214.264,2,2,3,40.46,-1.93,1
Dimethyl phthalate,1,194.18599999999995,0,1,2,52.60000000000001,-1.66,1
Ethyl octanoate,1,172.26799999999997,0,0,7,26.3,-3.39,0
Diethyldisulfide,1,122.258,0,0,3,0,-2.42,1
"1,2-Diethoxyethane ",1,118.176,0,0,5,18.46,-0.77,1
"1,2,4,5-Tetrachlorobenzene",1,215.894,0,1,0,0,-5.56,0
p-benzidine,1,184.242,2,2,1,52.04,-2.7,1
1-Heptene,1,98.189,0,0,4,0,-3.73,0
Ethirimol,1,209.29299999999998,2,1,5,57.78,-3.028,0
Pentobarbital,1,226.27599999999995,2,1,4,75.27000000000001,-2.39,1
o-Chloroaniline,1,127.574,1,1,0,26.02,-1.52,1
3-Chloroanisole,1,142.58499999999998,0,1,1,9.23,-2.78,1
Pebulate,1,203.35099999999997,0,0,6,20.310000000000002,-3.53,0
Butyl acetate,1,102.13299999999998,0,0,4,26.3,-1.37,1
Prednisolone,1,360.4500000000002,3,4,2,94.83,-3.18,0
Bromodichloromethane,1,163.82899999999998,0,0,0,0,-1.54,1
adrenosterone,1,300.3980000000001,0,4,0,51.21,-3.48,0
p-terphenyl,2,230.31,0,3,2,0,-7.11,0
p-Hydroxybenzaldehyde ,1,122.12299999999998,1,1,1,37.3,-0.96,1
Bromomethane,1,94.939,0,0,0,0,-0.79,1
Perfluidone,1,379.38100000000003,1,2,4,80.31,-3.8,0
Coumachlor,1,342.7780000000001,1,3,4,67.50999999999999,-5.8389999999999995,0
2-Ethylnaphthalene,1,156.22799999999998,0,2,1,0,-4.29,0
5-methylcytosine,1,125.13099999999999,2,1,0,71.77000000000001,-1.4580000000000002,1
"2,3,4,5,6-PCB",1,326.437,0,2,1,0,-7.92,0
benodanil,1,323.133,1,2,2,29.1,-4.21,0
Riboflavin,1,376.36900000000014,5,3,5,161.56,-3.685,0
o-Fluorobromobenzene,1,175,0,1,0,0,-2.7,1
"2,4-Dichlorophenol ",1,163.003,1,1,0,20.23,-1.55,1
Permethrin,1,391.2940000000001,0,3,6,35.53,-6.291,0
piroxicam,1,331.353,2,3,2,99.60000000000001,-4.16,0
3-Propanoyloxymethylphenytoin,1,338.36300000000006,1,3,5,75.71,-4.907,0
Cyclopentane ,2,70.135,0,1,0,0,-2.64,1
o-Toluidine,1,107.156,1,1,0,26.02,-2.21,1
Estragole,1,148.205,0,1,3,9.23,-2.92,0
karbutilate,1,279.34,2,1,2,70.67,-2.93,0
3-Methyl-1-Butene,1,70.135,0,0,1,0,-2.73,1
2-Hydroxypyridine,1,95.101,1,1,0,33.120000000000005,1.02,1
Ethane,1,30.07,0,0,0,0,-1.36,1
"1,2-Dichlorobenzene",1,147.00399999999996,0,1,0,0,-3.05,0
mercaptobenzothiazole,1,167.25799999999998,1,2,0,12.89,-3.18,0
"2,2',3,3',4,4',5,5',6,6'-PCB",1,498.66200000000026,0,2,1,0,-11.6,0
Methoxsalen,1,216.19199999999995,0,3,1,52.58,-3.6639999999999997,0
Acetamide,1,59.068,1,0,0,43.09,1.58,1
1-Methylnaphthalene,1,142.201,0,2,0,0,-3.7,0
Napropamide,1,271.36,0,2,5,29.540000000000003,-3.57,0
"3,3-Dimethyl-2-butanol",1,102.17699999999999,1,0,0,20.23,-0.62,1
Methyl pentanoate,1,116.15999999999998,0,0,3,26.3,-1.36,1
Menadione,1,172.18299999999996,0,2,0,34.14,-3.03,0
Phenanthrene,2,178.23399999999998,0,3,0,0,-5.26,0
"2,4-Dimethylpyridine",1,107.15599999999999,0,1,0,12.89,0.38,1
1-Nonanol,1,144.258,1,0,7,20.23,-3.01,0
Dibromomethane,1,173.83499999999998,0,0,0,0,-1.17,1
Dexamethasone,1,392.4670000000002,3,4,2,94.83,-3.59,0
"2,6-Dimethylnaphthalene ",1,156.228,0,2,0,0,-4.89,0
Butylate,1,217.378,0,0,5,20.310000000000002,-3.68,0
nitroglycerin,1,227.08499999999998,0,0,8,157.11,-2.22,1
m-Nitroaniline,1,138.126,1,1,1,69.16,-2.19,1
1-Chlorobutane,1,92.56899999999999,0,0,2,0,-2.03,1
triforine,1,430.9340000000001,2,1,6,64.68,-4.19,0
Fluridone,1,329.32099999999997,0,3,2,22,-4.445,0
6-aminochrysene,1,243.309,1,4,0,26.02,-6.2,0
Estrone,1,270.372,1,4,0,37.3,-3.955,0
RTI 17,1,269.373,0,3,1,19.37,-4.706,0
"1,2-Propylene oxide",1,58.08,0,1,0,12.53,-0.59,1
Nitrazepam,1,281.271,1,3,2,84.6,-3.7960000000000003,0
"1,3-diethylthiourea",1,132.232,2,0,2,24.06,-1.46,1
"2,3,5-Trichlorophenol",1,197.44799999999998,1,1,0,20.23,-2.67,1
Propyl propanoate,1,116.15999999999998,0,0,3,26.3,-1.34,1
Aniline ,1,93.12899999999999,1,1,0,26.02,-0.41,1
"1,5-Dimethlnapthalene",1,156.228,0,2,0,0,-4.678999999999999,0
hydrochlorothiazide,1,297.745,3,2,1,118.35999999999999,-2.63,1
Acenapthylene,2,152.19599999999994,0,3,0,0,-3.96,0
Ethyl butyrate,1,144.21399999999997,0,0,5,26.3,-1.28,1
Atratone,1,211.26899999999998,2,1,5,71.96000000000001,-2.084,1
Benzo(a)pyrene,2,252.31599999999997,0,5,0,0,-8.699,0
Bromoethane,1,108.966,0,0,0,0,-1.09,1
3-Hexyne,1,82.14599999999999,0,0,0,0,-1.99,1
Digitoxin,1,764.9499999999999,5,8,7,182.82999999999998,-5.292999999999999,0
2-Methyl-1-Butene,1,70.13499999999999,0,0,1,0,-2.73,1
8-quinolinol,1,145.16099999999997,1,2,0,33.120000000000005,-2.42,1
"1,2,3,4-Tetrahydronapthalene",2,132.20599999999996,0,2,0,0,-4.37,0
phenolphthalein,1,318.32800000000003,2,4,2,66.76,-2.9,0
"1,3,5-Tribromobenzene",1,314.802,0,1,0,0,-5.6,0
Ronnel,1,321.549,0,1,4,27.69,-5.72,0
methylthiouracil,1,142.18300000000002,2,1,0,48.65,-2.436,1
Eugenol,1,164.204,1,1,3,29.46,-1.56,1
5-Allyl-5-isopropylbarbital,1,210.23299999999998,2,1,3,75.27000000000001,-1.7080000000000002,1
Pyrene,2,202.25599999999997,0,4,0,0,-6.176,0
"1,1-Diethoxyethane ",1,118.176,0,0,4,18.46,-0.43,1
Clomazone,1,239.702,0,2,2,29.54,-2.338,1
2-Butoxyethanol,1,118.17599999999999,1,0,5,29.46,-0.42,1
Quintozene,1,295.336,0,1,1,43.14,-5.82,0
Androsterone,1,290.447,1,4,0,37.3,-4.402,0
Flurochloridone,1,312.118,0,2,2,20.310000000000002,-4.047,0
Quinoline,2,129.16199999999998,0,2,0,12.89,-1.3,1
methyl gallate,1,184.147,3,1,1,86.99000000000001,-1.24,1
fluconazole,1,306.276,1,3,5,81.64999999999999,-1.8,1
Chlorzoxazone,1,169.567,1,2,0,46,-2.8310000000000004,1
"2,2',3,4,4',5',6-PCB",1,395.3270000000001,0,2,1,0,-7.92,0
alloxan,1,142.07,2,1,0,92.34,-1.25,1
"1,3-Dichloropropane",1,112.98700000000001,0,0,2,0,-1.62,1
m-Fluorobromobenzene,1,175,0,1,0,0,-2.67,1
p-Chlorobromobenzene,1,191.45499999999998,0,1,0,0,-3.63,0
"2,3-Dimethylbutane",1,86.178,0,0,1,0,-3.65,0
1-Butene,1,56.108,0,0,1,0,-1.94,1
"2,2',3,4,5,5'-PCB",1,360.88200000000006,0,2,1,0,-7.68,0
cytosine,1,111.104,2,1,0,71.77000000000001,-1.155,1
"1,1,2-Trichlorotrifluoroethane",1,187.37500000000003,0,0,1,0,-3.04,0
Propionitrile,1,55.07999999999999,0,0,0,23.79,0.28,1
"O,P'-DDD",1,320.04600000000005,0,2,3,0,-6.51,0
o-Nitroanisole,1,153.13699999999997,0,1,2,52.37,-1.96,1
Prasterone,1,288.43100000000004,1,4,0,37.3,-4.12,0
Procymidone,1,284.142,0,3,1,37.38,-4.8,0
Benzo[ghi]perylene,2,276.338,0,6,0,0,-9.017999999999999,0
Dinoseb,1,240.21499999999995,1,1,4,106.51000000000002,-3.38,0
meconin,1,196.20199999999997,0,2,2,44.760000000000005,-1.899,1
Glycerol,1,92.09400000000001,3,0,2,60.69,1.12,1
Guaiacol,1,124.13899999999997,1,1,1,29.46,-1.96,1
chlorpyrifos,1,350.591,0,1,6,40.58,-5.67,0
9-Methylanthracene,1,192.261,0,3,0,0,-5.89,0
Antipyrene,1,188.23000000000002,0,2,1,26.93,0.715,1
Methyl butyl ether ,1,88.14999999999999,0,0,3,9.23,-0.99,1
7-methylpteridine,1,146.153,0,2,0,51.56,-0.8540000000000001,1
simazine,1,201.661,2,1,4,62.730000000000004,-4.55,0
"N,N-Dimethylacetamide",1,87.12199999999999,0,0,0,20.310000000000002,1.11,1
Simetryn,1,213.31,0,1,3,45.150000000000006,-2.676,1
Ethylene,1,28.053999999999995,0,0,0,0,-0.4,1
"3,3-Dimethyl-1-butanol",1,102.17699999999999,1,0,1,20.23,-0.5,1
5-Allyl-5-ethylbarbital,1,196.20599999999996,2,1,3,75.27000000000001,-1.614,1
"2,3,4-Trichlorophenol",1,197.448,1,1,0,20.23,-2.67,1
Anisole,1,108.13999999999997,0,1,1,9.23,-1.85,1
chloropropylate,1,339.21800000000013,1,2,4,46.53,-4.53,0
aldosterone,1,360.45000000000005,2,4,3,91.67000000000002,-3.85,0
Difenoxuron,1,286.331,1,2,4,50.800000000000004,-4.16,0
4-Ethyltoluene,1,120.19499999999996,0,1,1,0,-3.11,0
Diisopropylsulfide,1,118.24499999999999,0,0,2,0,-2.24,1
"1,3-Dinitrobenzene",1,168.10799999999995,0,1,2,86.28,-2.29,1
Ethion,1,384.4870000000002,0,0,12,36.92,-5.54,0
probarbital,1,198.22199999999998,2,1,2,75.27000000000001,-2.21,1
cortisone acetate,1,402.48700000000025,1,4,3,97.74000000000001,-4.21,0
Metronidazole,1,171.15599999999998,1,1,3,81.19,-1.22,1
p-Chloroaniline,1,127.574,1,1,0,26.02,-1.66,1
"2,2-Dimethylpentanol",1,116.20399999999998,1,0,3,20.23,-1.52,1
Furane,2,68.07499999999999,0,1,0,13.14,-0.82,1
Methoproptryne,1,271.39,2,1,8,71.96000000000001,-2.928,0
Norea,1,222.33199999999994,1,3,1,32.34,-3.1710000000000003,0
t-Butylbenzene ,1,134.22199999999998,0,1,0,0,-3.66,0
kebuzone,1,322.36400000000003,0,3,5,57.690000000000005,-3.27,0
prednisolone acetate,1,402.48700000000014,2,4,3,100.90000000000002,-4.37,0
Methyl propyl ether ,1,74.12299999999999,0,0,2,9.23,-0.39,1
Isopropyl acetate,1,102.133,0,0,1,26.3,-0.55,1
Bromobenzene,1,157.01,0,1,0,0,-2.55,1
Ethyl-p-hydroxybenzoate ,1,166.176,1,1,2,46.53,-2.35,1
3-Butanoyloxymethylphenytoin,1,352.39000000000004,1,3,6,75.71,-5.071000000000001,0
testosterone propionate,1,344.4950000000001,0,4,2,43.370000000000005,-5.37,0
Coronene,2,300.36000000000007,0,7,0,0,-9.332,0
allopurinol,1,136.114,2,2,0,74.43,-2.266,1
Chloroethylene,1,62.499,0,0,0,0,-1.75,1
diphenamid,1,239.318,0,2,3,20.310000000000002,-2.98,0
Tetrabromomethane,1,331.62699999999995,0,0,0,0,-3.14,0
RTI 22,1,296.374,1,3,2,48.47,-4.871,0
phthalimide,1,147.13299999999998,1,2,0,46.17,-2.61,1
Fenarimol,1,331.202,1,3,3,46.010000000000005,-4.38,0
Methyl benzoate ,1,136.14999999999998,0,1,1,26.3,-1.85,1
1-methyluracil,1,126.115,1,1,0,54.86,-0.807,1
oxyphenbutazone,1,324.38000000000005,1,3,5,60.85000000000001,-3.73,0
"2,2',3,5'-PCB",1,291.9920000000001,0,2,1,0,-6.47,0
Quinethazone,1,289.7440000000001,3,2,2,101.28999999999999,-3.29,0
Diuron,1,233.09799999999998,1,1,1,32.34,-3.8,0
Cyclopentene ,2,68.11900000000001,0,1,0,0,-2.1,1
alloxantin,1,286.156,6,2,1,191,-1.99,1
Nonane,1,128.259,0,0,6,0,-5.88,0
2-Chlorophenol,1,128.558,1,1,0,20.23,-1.06,1
5-Methylchrysene,1,242.321,0,4,0,0,-6.59,0
Phenetole,1,122.16699999999996,0,1,2,9.23,-2.33,1
ethyl cinnamate,1,176.215,0,1,3,26.3,-3,0
Terbacil,1,216.66799999999998,1,1,0,54.86,-2.484,1
Clonazepam,1,315.716,1,3,2,84.6,-3.4989999999999997,0
p-Toluenesulfonamide ,1,171.22099999999998,1,1,1,60.16,-1.74,1
Chlorbufam,1,223.659,1,1,2,38.33,-2.617,1
2-Methylheptane,1,114.23199999999999,0,0,4,0,-5.08,0
Cyhalothrin,1,449.8560000000001,0,3,6,59.32000000000001,-8.176,0
Apazone,1,300.3620000000001,0,3,2,56.220000000000006,-3.5380000000000003,0
Diazepam,1,284.74600000000004,0,3,1,32.67,-3.7539999999999996,0
2-Methyl-3-pentanol,1,102.17699999999999,1,0,2,20.23,-0.7,1
fensulfothion,1,308.36100000000005,0,1,7,44.760000000000005,-2.3,1
borneol,1,154.253,1,2,0,20.23,-2.32,1
Testosterone,1,288.431,1,4,0,37.3,-4.02,0
Heptane,1,100.205,0,0,4,0,-4.53,0
1-Napthol,1,144.17299999999997,1,2,0,20.23,-2.22,1
"cis-1,2-Dimethylcyclohexane",1,112.216,0,1,0,0,-4.3,0
Trimazosin,1,435.48100000000034,2,3,6,132.5,-3.638,0
Cholanthrene,2,254.33199999999997,0,5,0,0,-7.85,0
Medrogestone,1,340.5070000000001,0,4,1,34.14,-5.27,0
2-Heptanone,1,114.18799999999999,0,0,4,17.07,-1.45,1
Acephate,1,183.16899999999998,1,0,3,55.4,0.54,1
DEF,1,314.5220000000001,0,0,12,17.07,-5.14,0
phthalamide,1,149.149,1,2,0,46.17,-2.932,0
Trichlomethiazide,1,380.66200000000003,3,2,2,118.35999999999999,-2.68,1
2-Methy-2-Butene,1,70.13499999999999,0,0,0,0,-2.56,1
"1,2,4-Trimethylbenzene",1,120.195,0,1,0,0,-3.31,0
"2,4,5-Trichlorophenol ",1,197.448,1,1,0,20.23,-2.21,1
phenanthridine,2,179.22199999999998,0,3,0,12.89,-2.78,1
3-Methyl-3-hexanol,1,116.20399999999998,1,0,3,20.23,-0.98,1
Octane,1,114.232,0,0,5,0,-5.24,0
Anthracene,2,178.23399999999995,0,3,0,0,-6.35,0
Phenylhydrazine,1,108.14399999999998,2,1,1,38.05,0.07,1
Propionaldehyde,1,58.08,0,0,1,17.07,0.58,1
Cyclooctane,2,112.21600000000001,0,1,0,0,-4.15,0
"5,5-Diallylbarbital",1,208.21699999999996,2,1,4,75.27000000000001,-2.077,1
Trichloromethane,1,119.37800000000001,0,0,0,0,-1.17,1
thiouracil,1,128.15599999999998,2,1,0,45.75,-2.273,1
Pencycuron,1,328.84299999999996,1,3,4,32.34,-5.915,0
1-Methylcyclohexene ,1,96.17300000000002,0,1,0,0,-3.27,0
2-Ethylhexanal,1,128.21499999999997,0,0,5,17.07,-2.13,1
Khellin,1,260.24499999999995,0,3,2,61.81,-3.0210000000000004,0
5-Ethyl-5-(3-methylbutyl)barbital,1,226.27599999999995,2,1,4,75.27000000000001,-2.658,1
Benzo(j)fluoranthene,2,252.31599999999997,0,5,0,0,-8,0
2-Ethylbutanal,1,100.16099999999999,0,0,3,17.07,-1.52,1
Dipropyl ether,1,102.17699999999999,0,0,4,9.23,-1.62,1
1-Tetradecanol,1,214.39299999999994,1,0,12,20.23,-5.84,0
"2,3,6-Trichlorophenol",1,197.44799999999998,1,1,0,20.23,-2.64,1
Urea,1,60.056,2,0,0,69.11,0.96,1
1-Pentyne,1,68.11899999999999,0,0,1,0,-1.64,1
"1,3-Dibromobenzene",1,235.90599999999998,0,1,0,0,-3.54,0
1-Octadecanol,1,270.50099999999986,1,0,16,20.23,-8.4,0
Acetanilide,1,135.16599999999997,1,1,1,29.1,-1.33,1
hematein,1,300.266,4,4,0,107.22000000000001,-2.7,1
Isonazid,1,137.14200000000002,2,1,1,68.01,0.009000000000000001,1
hydroxychlordene,1,354.8749999999999,1,3,0,20.23,-5.46,0
Isopentyl formate,1,116.15999999999998,0,0,4,26.3,-1.52,1
Acetophenone,1,120.15099999999995,0,1,1,17.07,-1.28,1
biquinoline,2,256.308,0,4,1,25.78,-5.4,0
Triethyl phosphate,1,182.15599999999998,0,0,6,44.760000000000005,0.43,1
D-fenchone,1,152.237,0,2,0,17.07,-1.85,1
7-methoxypteridine,1,162.152,0,2,1,60.790000000000006,-0.91,1
Chlordene,1,338.876,0,3,0,0,-5.64,0
2-Nitropropane,1,89.094,0,0,1,43.14,-0.62,1
Carbazole,2,167.21099999999998,1,3,0,15.79,-5.27,0
Erythritol,1,122.11999999999999,4,0,3,80.92,0.7,1
Risocaine,1,179.21899999999997,1,1,3,52.32,-2.452,1
Azodrin,1,223.16499999999996,1,0,5,73.86,0.6509999999999999,1
Succinimide,1,99.089,1,1,0,46.17,0.3,1
"2,3-Dimethylpentane",1,100.20499999999998,0,0,2,0,-4.28,0
bupirimate,1,316.4270000000001,1,1,8,84.42,-4.16,0
RTI 16,1,270.361,0,3,1,32.260000000000005,-4.6339999999999995,0
RTI 9,1,239.274,0,3,1,29.54,-3.68,0
Tetrahydropyran ,2,86.134,0,1,0,9.23,-0.03,1
1-Heptyne,1,96.17299999999999,0,0,3,0,-3.01,0
osthole,1,244.28999999999994,0,2,3,39.44,-4.314,0
3-Methylcholanthrene,1,268.3589999999999,0,5,0,0,-7.92,0
Ethyl benzoate ,1,150.177,0,1,2,26.3,-2.32,1
1-Chloro-2-methylpropane,1,92.569,0,0,1,0,-2,1
Ethinyl estradiol,1,296.41,2,4,0,40.46,-4.3,0
methyl laurate,1,214.34899999999996,0,0,10,26.3,-4.69,0
Di-n-propylsulfide,1,118.24499999999999,0,0,4,0,-2.58,1
Napthacene,2,228.29399999999998,0,4,0,0,-8.6,0
1-Bromopentane,1,151.047,0,0,3,0,-3.08,0
trans-2-Heptene ,1,98.18899999999998,0,0,3,0,-3.82,0
Metranidazole,1,171.15599999999998,1,1,3,81.19,-1.26,1
Pentylcyclopentane,1,140.26999999999998,0,1,4,0,-6.08,0
"2,2',3,5,5',6-PCB",1,360.88200000000006,0,2,1,0,-7.42,0
5-Ethyl-5-isopropylbarbituric acid,1,198.22199999999998,2,1,2,75.27000000000001,-2.148,1
"1,1,1-Trichloroethane",1,133.405,0,0,0,0,-2,1
Monolinuron,1,214.652,1,1,2,41.57,-2.57,1
Cyclohexyl-5-spirobarbituric acid,1,196.206,2,2,0,75.27,-3.06,0
dimetan,1,211.26099999999994,0,1,1,46.61,-0.85,1
4-Bromotoluene,1,171.03700000000003,0,1,0,0,-3.19,0
Diethyl ether ,1,74.123,0,0,2,9.23,-0.09,1
Rovral,1,330.17100000000005,1,2,2,69.72,-4.376,0
Benfluralin,1,335.28200000000004,0,1,7,89.51999999999998,-5.53,0
"2,4,6-Trimethylphenol",1,136.194,1,1,0,20.23,-2.05,1
Benzene ,2,78.11399999999999,0,1,0,0,-1.64,1
p-Chloroiodobenzene,1,238.45499999999998,0,1,0,0,-4.03,0
Metoxuron,1,228.67899999999997,1,1,2,41.57,-2.5639999999999996,1
propachlor,1,211.69200000000004,0,1,3,20.310000000000002,-2.48,1
Styrene,1,104.15199999999997,0,1,1,0,-2.82,1
Dimethoxymethane,1,76.095,0,0,2,18.46,0.48,1
o-Xylene ,1,106.16799999999999,0,1,0,0,-2.8,1
Butan-2-ol,1,74.12299999999999,1,0,1,20.23,0.47,1
"1,4-Benzenediol",1,110.11199999999998,2,1,0,40.46,-0.17,1
estriol,1,288.387,3,4,0,60.69,-4.955,0
Benzo(b)fluorene,2,216.283,0,4,0,0,-8.04,0
hydantoin,1,100.077,2,1,0,58.2,-0.4,1
4-hexylresorcinol,1,194.27399999999992,2,1,5,40.46,-2.59,1
allicin,1,162.27899999999997,0,0,5,17.07,-0.83,1
Coumaphos,1,362.77100000000013,0,2,6,57.9,-5.382000000000001,0
"5,6-Dimethylchrysene",1,256.348,0,4,0,0,-7.01,0
Betamethasone-17-valerate,1,476.5850000000002,2,4,6,100.90000000000002,-4.71,0
uric acid,1,168.112,4,2,0,114.36999999999998,-3.93,0
"2,3,4,6-Tetrachlorophenol",1,231.89299999999997,1,1,0,20.23,-3.1,0
"1,3-Dichlorobenzene",1,147.004,0,1,0,0,-3.04,0
DDT,1,354.491,0,2,2,0,-7.15,0
Isobutyl formate,1,102.13299999999998,0,0,3,26.3,-1.01,1
thioanisole,1,124.208,0,1,1,0,-2.39,1
RTI 13,1,322.29,1,3,1,58.120000000000005,-4.207,0
Hexane ,1,86.178,0,0,3,0,-3.84,0
methyl nicotinate,1,137.138,0,1,1,39.19,-0.46,1
Bendroflumethiazide,1,421.4220000000001,3,3,3,118.35999999999999,-3.59,0
"2,3,3',4,4',5-PCB",1,360.88200000000006,0,2,1,0,-7.82,0
Vinclozolin,1,286.11400000000003,0,2,2,46.61,-4.925,0
Cyanazine,1,240.698,2,1,4,86.52,-3.15,0
Triphenylene,2,228.29399999999998,0,4,0,0,-6.726,0
Dienestrol,1,266.34,2,2,3,40.46,-4.95,0
Di(2-ethylhexyl)-phthalate,1,390.5640000000003,0,1,14,52.60000000000001,-6.96,0
2-Ethyl pyridine,1,107.15599999999998,0,1,1,12.89,0.51,1
Naled,1,380.784,0,0,5,44.760000000000005,-2.28,1
Biphenyl,2,154.21199999999996,0,2,1,0,-4.345,0
"2,2',4,4',6,6'-PCB",1,360.88200000000006,0,2,1,0,-8.71,0
Altretamine,1,210.285,0,1,3,48.39000000000001,-3.364,0
"2,4-Dimethyl-2-pentanol ",1,116.20399999999998,1,0,2,20.23,-0.92,1
Cycloheptyl-5-spirobarbituric acid,1,210.23299999999998,2,2,0,75.27,-3.168,0
Fructose,1,180.156,5,1,2,110.38000000000001,0.64,1
"3,5-Dimethylphenol",1,122.16699999999997,1,1,0,20.23,-1.4,1
Barban,1,258.104,1,1,2,38.33,-4.37,0
p-Chloroacetanilide,1,169.611,1,1,1,29.1,-2.843,1
"2,2',3,4,5,5',6-PCB",1,395.3270000000001,0,2,1,0,-8.94,0
"2,2-Dimethylbutane",1,86.17799999999998,0,0,0,0,-3.55,0
N-Methylaniline ,1,107.15599999999998,1,1,1,12.03,-1.28,1
"1,4-Pentadiene ",1,68.119,0,0,2,0,-2.09,1
Hydrocortisone 21-acetate,1,404.5030000000002,2,4,3,100.90000000000002,-4.88,0
DNOC,1,198.134,1,1,2,106.51000000000002,-1.456,1
Lorazepam,1,321.163,2,3,1,61.690000000000005,-3.6039999999999996,0
3-Chlorophenol,1,128.558,1,1,0,20.23,-0.7,1
m-Chlorobromobenzene,1,191.45499999999998,0,1,0,0,-3.21,0
chlorothiazide,1,295.72900000000004,2,2,1,118.69,-3.05,0
5-Methyl-5-ethylbarbituric acid,1,170.16799999999998,2,1,1,75.27000000000001,-1.228,1
2-Phenoxyethanol,1,138.16599999999997,1,1,3,29.46,-0.7,1
Diphenylmethane,2,168.239,0,2,2,0,-4.08,0
3-Octanol,1,130.23099999999997,1,0,5,20.23,-1.98,1
Flumetralin,1,421.7340000000001,0,2,6,89.51999999999998,-6.78,0
Propazine,1,229.71500000000003,2,1,4,62.730000000000004,-4.43,0
2-Methylpentanol,1,102.17699999999999,1,0,3,20.23,-1.11,1
2-Methyl-2-hexanol,1,116.20399999999998,1,0,3,20.23,-1.08,1
Ethylbenzene,1,106.16799999999996,0,1,1,0,-2.77,1
5-(3-Methyl-2-butenyl)-5-ethylbarbital,1,224.25999999999996,2,1,3,75.27000000000001,-2.253,1
Heptachlor,1,373.3209999999999,0,3,0,0,-6.317,0
butallylonal,1,303.156,2,1,4,75.27000000000001,-2.647,1
Fenpropathrin,1,349.43000000000006,0,3,5,59.32000000000001,-6.025,0
Methoprene,1,310.47800000000007,0,0,10,35.53,-5.19,0
Ethyl propionate,1,102.133,0,0,2,26.3,-0.66,1
Prometryn,1,241.364,2,1,5,62.730000000000004,-4.1,0
Buturon,1,236.702,1,1,2,32.34,-3.9,0
"2,3-Dimethylnaphthalene",1,156.22799999999998,0,2,0,0,-4.72,0
"2,4',5-PCB",1,257.547,0,2,1,0,-6.25,0
"2,3',4,4',5-PCB",1,360.88200000000006,0,2,1,0,-7.39,0
2-cyanoguanidine,1,84.082,2,0,0,88.19,-0.31,1
Chloropicrin,1,164.375,0,0,0,43.14,-2,1
"2,6-PCB",1,223.102,0,2,1,0,-5.21,0
p-Methoxybenzaldehyde,1,136.14999999999998,0,1,2,26.3,-1.49,1
4-Nitroacetanilide,1,180.16299999999998,1,1,2,72.24000000000001,-2.6919999999999997,1
Ethyl heptanoate,1,158.24099999999999,0,0,6,26.3,-2.74,1
p-Hydroxyacetanilide,1,151.165,2,1,1,49.33,-1.03,1
indazole,2,118.13899999999998,1,2,0,28.68,-2.16,1
triamcinolone acetonide,1,434.50400000000025,2,5,2,93.06000000000002,-4.31,0
guanine,1,151.129,3,2,0,100.44999999999999,-3.583,0
Methyl acetate,1,74.07900000000001,0,0,0,26.3,0.46,1
Stanolone,1,290.44699999999995,1,4,0,37.3,-4.743,0
1-Hexene-3-ol,1,100.16099999999999,1,0,3,20.23,-0.59,1
norbormide,1,511.5810000000002,2,7,5,92.18,-3.931,0
Dibutyl ether ,1,130.231,0,0,6,9.23,-1.85,1
1-Dodecanol,1,186.33899999999997,1,0,10,20.23,-4.8,0
RTI 6,1,313.36100000000005,2,3,4,81.59000000000002,-3.36,0
2-Methyl-2-pentanol,1,102.17699999999998,1,0,2,20.23,-0.49,1
Flucytosine,1,129.09399999999997,2,1,0,71.77,-0.972,1
stadacaine,1,293.40700000000004,0,1,9,38.77,-3.84,0
2-Methyl-2-heptanol,1,130.231,1,0,4,20.23,-1.72,1
Hexamethylbenzene,1,162.27599999999998,0,1,0,0,-5.23,0
Thymol,1,150.22099999999998,1,1,1,20.23,-2.22,1
Pteridine,2,132.12599999999998,0,2,0,51.56,0.02,1
Parathion,1,291.26500000000004,0,1,7,70.83000000000001,-4.66,0
Methane,0,16.043,0,0,0,0,-0.9,1
indoline,2,119.16699999999999,1,2,0,12.03,-1.04,1
1-Nitronapthalene,1,173.171,0,2,1,43.14,-3.54,0
3-Methyl-2-pentanone,1,100.16099999999999,0,0,2,17.07,-0.67,1
isoguanine,1,151.129,3,2,0,100.71000000000001,-3.4010000000000002,0
bromadiolone,1,527.4140000000002,2,5,6,70.67,-4.445,0
Nitromethane,1,61.040000000000006,0,0,0,43.14,0.26,1
Triallate,1,304.66999999999996,0,0,4,20.310000000000002,-4.88,0
"1,5-Hexadiene ",1,82.14599999999999,0,0,3,0,-2.68,1
Indole,2,117.15099999999997,1,2,0,15.79,-1.52,1
Androstenedione,1,286.415,0,4,0,34.14,-3.69,0
1-Hexene,1,84.16199999999999,0,0,3,0,-3.23,0
Xipamide,1,354.8150000000001,3,2,3,109.48999999999998,-3.79,0
Ethylcyclohexane,1,112.21600000000001,0,1,1,0,-4.25,0
2-Nonanone,1,142.242,0,0,6,17.07,-2.58,1
Mebendazole,1,295.298,2,3,3,84.07999999999998,-3.88,0
Chloropham,1,213.66400000000002,1,1,2,38.33,-3.38,0
RTI 12,1,288.73800000000006,0,3,1,49.330000000000005,-4.114,0
Carbaryl,1,201.225,1,2,1,38.33,-3.2239999999999998,0
Ethyne,1,26.037999999999997,0,0,0,0,0.29,1
"3,5-Dimethylpyridine",1,107.15599999999998,0,1,0,12.89,0.38,1
"1,4-Cyclohexadiene",2,80.12999999999998,0,1,0,0,-2.06,1
Mecarbam,1,329.3800000000001,0,0,8,65.07000000000001,-2.5180000000000002,1
1-Phenylethanol,1,122.16699999999996,1,1,1,20.23,-0.92,1
"1,2-Dichloropropane",1,112.98700000000001,0,0,1,0,-1.6,1
2-Ethyl-2-hexanal,1,126.19899999999998,0,0,4,17.07,-2.46,1
Disulfoton,1,274.413,0,0,9,18.46,-4.23,0
methyltestosterone acetate,1,344.4950000000001,0,4,1,43.370000000000005,-5.284,0
"2,4,6-PCB",1,257.547,0,2,1,0,-6.14,0
difluron,1,310.687,2,2,2,58.2,-6.02,0
Triclosan,1,289.54499999999996,1,2,2,29.46,-4.46,0
diisooctyl phthalate,1,390.5640000000002,0,1,14,52.60000000000001,-6.6370000000000005,0
Corticosterone,1,346.46700000000016,2,4,2,74.6,-3.24,0
"1,3,5-Trimethylbenzene ",1,120.19499999999998,0,1,0,0,-3.4,0
dioctyl phthalate,1,390.56400000000036,0,1,16,52.60000000000001,-5.115,0
1-Pentadecanol,1,228.41999999999993,1,0,13,20.23,-6.35,0
"2,2',6,6'-PCB",1,291.99199999999996,0,2,1,0,-7.39,0
"5,5-Dimethylbarbituric acid",1,156.141,2,1,0,75.27000000000001,-1.742,1
2-Iodopropane,1,169.993,0,0,0,0,-2.09,1
"1,2-Dinitrobenzene",1,168.10799999999995,0,1,2,86.28,-3.1,0
3-Methyl-2-butanone,1,86.13399999999999,0,0,1,17.07,-0.12,1
Hexadecane,1,226.44799999999992,0,0,13,0,-8.4,0
"1,8-Cineole",1,154.253,0,3,0,9.23,-1.74,1
Tricyclazole,1,189.24300000000002,0,3,0,30.19,-2.07,1
2-Octanone,1,128.21499999999997,0,0,5,17.07,-2.05,1
Methyl nonanoate,1,172.268,0,0,7,26.3,-3.38,0
"1,4-Difluorobenzene",1,114.094,0,1,0,0,-1.97,1
Thalidomide,1,258.233,1,3,1,83.55000000000001,-2.676,1
Trifluralin,1,335.28200000000004,0,1,7,89.51999999999998,-5.68,0
Ethanol,1,46.069,1,0,0,20.23,1.1,1
Cyclopentyl-5-spirobarbituric acid,1,182.179,2,2,0,75.27,-2.349,1
Carbetamide,1,236.271,2,1,4,67.42999999999999,-1.83,1
phenothrin,1,350.4580000000001,0,3,6,35.53,-5.24,0
Cycluron,1,198.30999999999992,1,1,1,32.34,-2.218,1
Mirex,1,545.5460000000002,0,6,0,0,-6.8,0
1-Bromooctane,1,193.128,0,0,6,0,-5.06,0
Benomyl,1,290.323,2,2,4,85.25,-4.883,0
aminopyrine,1,231.299,0,2,2,30.17,-0.364,1
3-Pentanol,1,88.15,1,0,2,20.23,-0.24,1
p-Nitrotoluene,1,137.138,0,1,1,43.14,-2.49,1
4-Methylpentanol,1,102.17699999999999,1,0,3,20.23,-1.14,1
Norethisterone,1,314.42500000000007,2,4,0,57.53,-4.57,0
bromopropylate,1,428.12000000000006,1,2,4,46.53,-4.93,0
Pyrazon,1,221.647,1,2,1,60.91,-2.878,0
2-Methylbutan-2-ol,1,88.14999999999998,1,0,1,20.23,0.15,1
p-Cresol,1,108.13999999999999,1,1,0,20.23,-0.73,1
Ethyl formate,1,74.07900000000001,0,0,2,26.3,0.15,1
"N,N-Dimethylaniline",1,121.18299999999995,0,1,1,3.24,-1.92,1
Decalin,2,138.254,0,2,0,0,-5.19,0
Butanethiol ,1,90.19099999999999,1,0,2,0,-2.18,1
Benzo(e)pyrene,2,252.31599999999997,0,5,0,0,-7.8,0
Tetrachloroethylene,1,165.834,0,0,0,0,-2.54,1
3-Pentanone,1,86.134,0,0,2,17.07,-0.28,1
Acrylonitrile,1,53.06399999999999,0,0,0,23.79,0.15,1
Flumethasone,1,410.4570000000002,3,4,2,94.83,-5.6129999999999995,0
2-Hexanone,1,100.16099999999999,0,0,3,17.07,-0.8,1
Terbumeton,1,225.296,2,1,4,71.96000000000001,-3.239,0
3-Methylheptane,1,114.23199999999999,0,0,4,0,-5.16,0
"1,2-Dibromoethane",1,187.862,0,0,1,0,-1.68,1
Isoprocarb,1,193.24599999999998,1,1,2,38.33,-2.863,0
Niridazole,1,214.20600000000002,1,2,2,88.37,-3.22,0
Benzo(a)fluorene,2,216.283,0,4,0,0,-6.68,0
2-Chloroanisole,1,142.58499999999998,0,1,1,9.23,-2.46,1
Bromophos,1,366,0,1,4,27.69,-6.09,0
Quinonamid,1,332.57000000000005,1,2,3,63.24,-5.03,0
"P,P'-DDD",1,320.04600000000005,0,2,3,0,-7.2,0
Methyl acrylate,1,86.09,0,0,1,26.3,-0.22,1
Chloroxuron,1,290.75,1,2,3,41.57000000000001,-4.89,0
Azobenzene,2,182.226,0,2,2,24.72,-4.45,0
4-Isopropyltoluene,1,134.22199999999998,0,1,1,0,-3.77,0
"2,6-Dichlorophenol",1,163.003,1,1,0,20.23,-1.79,1
Sucrose,1,342.297,8,2,5,189.52999999999997,0.79,1
d-inositol,1,180.156,6,1,0,121.38000000000001,0.35,1
Dyphylline,1,254.24599999999995,2,2,3,102.28,-0.17,1
Chloramphenicol,1,323.13200000000006,3,1,6,112.70000000000002,-2.1109999999999998,1
3-Ethyl-3-pentanol,1,116.204,1,0,3,20.23,-0.85,1
Epitostanol,1,306.51500000000004,1,5,0,20.23,-5.41,0
"1,2-Dibromobenzene",1,235.90599999999998,0,1,0,0,-3.5,0
"2,4,6-Trichlorophenol",1,197.44799999999998,1,1,0,20.23,-2.34,1
oryzalin,1,346.3650000000001,1,1,8,149.67999999999998,-5.16,0
RTI 20,1,255.29199999999997,0,3,2,20.310000000000002,-4.7989999999999995,0
"2,4-Dimethyl-3-pentanone",1,114.18799999999997,0,0,2,17.07,-1.3,1
5-(3-Methyl-2-butenyl)-5-isoPrbarbital,1,238.28699999999998,2,1,3,75.27000000000001,-2.593,1
gentisin,1,262.261,2,3,1,75.99000000000001,-2.943,0
Caffeine,1,194.19399999999996,0,2,0,61.82,-0.8759999999999999,1
Spironolactone,1,416.58300000000025,0,5,1,60.44,-4.173,0
"3,4-Dimethylphenol",1,122.16699999999999,1,1,0,20.23,-1.38,1
Diphenyl ether ,2,170.211,0,2,2,9.23,-3.96,0
"2,2',4,4',5,5'-PCB",1,360.88200000000006,0,2,1,0,-8.56,0
nicotinamide,1,122.12699999999997,1,1,1,55.980000000000004,0.61,1
Thiophenol ,1,110.18099999999997,1,1,0,0,-2.12,1
XMC,1,179.219,1,1,1,38.33,-2.5810000000000004,1
Chlordane,1,409.7819999999999,0,3,0,0,-6.86,0
Dimethyldisulfide,1,94.20400000000001,0,0,1,0,-1.44,1
Benzamide,1,121.13899999999995,1,1,1,43.09,-0.96,1
o-Chlorobromobenzene,1,191.45499999999998,0,1,0,0,-3.19,0
Monotropitoside,1,446.40500000000003,6,3,6,184.6,-0.742,1
3-Heptanol ,1,116.20399999999998,1,0,4,20.23,-1.47,1
RTI 15,1,268.32,1,3,1,58.120000000000005,-4.553999999999999,0
"3,5-Dichlorophenol",1,163.003,1,1,0,20.23,-1.34,1
1-Methylphenanthrene,1,192.261,0,3,0,0,-5.85,0
2-Ethyl-1-hexanol,1,130.231,1,0,5,20.23,-2.11,1
Diallate,1,270.225,0,0,4,20.310000000000002,-4.2860000000000005,0
Toluene ,1,92.14099999999999,0,1,0,0,-2.21,1
Nitrapyrin,1,230.909,0,1,0,12.89,-3.76,0
Cycloheptene,2,96.173,0,1,0,0,-3.18,0
Thiram,1,240.44400000000002,0,0,0,6.48,-3.9,0
Griseofulvin,1,352.7700000000001,0,3,3,71.06,-3.2460000000000004,0
1-Decanol,1,158.285,1,0,8,20.23,-3.63,0
"3,3-Dimethylpentane",1,100.20499999999998,0,0,2,0,-4.23,0
vamidothion,1,287.34299999999996,1,0,8,64.63000000000001,1.1440000000000001,1
"2,3,4,5-Tetrachlorophenol",1,231.893,1,1,0,20.23,-3.15,0
Butyraldehyde,1,72.107,0,0,2,17.07,-0.01,1
dexamethasone acetate,1,434.5040000000003,2,4,3,100.9,-4.9,0
Butane,1,58.123999999999995,0,0,1,0,-2.57,1
o-Methoxyphenol,1,124.13899999999997,1,1,1,29.46,-1.96,1
Fluoromethalone,1,376.46800000000013,2,4,1,74.6,-4.099,0
Pentachloroethane,1,202.29500000000002,0,0,0,0,-2.6,1
Diethyl phthalate ,1,222.23999999999995,0,1,4,52.60000000000001,-2.35,1
2-Methylpropan-1-ol,1,74.12299999999999,1,0,1,20.23,0.1,1
Isobutylbenzene,1,134.22199999999998,0,1,2,0,-4.12,0
Diiodomethane,1,267.835,0,0,0,0,-2.34,1
4-Heptanol,1,116.204,1,0,4,20.23,-1.4,1
Pentyl acetate,1,130.18699999999998,0,0,4,26.3,-1.89,1
"2,3,5,6-Tetrachlorophenol",1,231.893,1,1,0,20.23,-3.37,0
Propylbenzene ,1,120.19499999999995,0,1,2,0,-3.37,0
"1,2-Dichlorotetrafluoroethane",1,170.92000000000002,0,0,1,0,-2.74,1
2-butenal,1,70.09100000000001,0,0,1,17.07,0.32,1
tetramethylurea,1,116.16399999999999,0,0,0,23.550000000000004,0.94,1
"1,2,4,5-Tetramethylbenzene",1,134.22199999999998,0,1,0,0,-4.59,0
norethindrone acetate,1,340.4630000000001,0,4,1,43.370000000000005,-4.8,0
Ditalimfos,1,299.28800000000007,0,2,5,55.84,-3.35,0
salicylanilide,1,213.23600000000002,2,2,2,49.33,-3.59,0
Sulfallate,1,223.79399999999998,0,0,4,3.24,-3.39,0
Chloroethane,1,64.515,0,0,0,0,-1.06,1
Mefluidide,1,310.297,2,1,3,75.27000000000001,-3.24,0
Piperine,1,285.343,0,3,3,38.77,-3.46,0
cis-2-Pentene,1,70.135,0,0,1,0,-2.54,1
thiofanox,1,218.32199999999997,1,0,3,50.69,-1.62,1
Cyclooctyl-5-spirobarbituric acid,1,224.25999999999996,2,2,0,75.27,-2.9819999999999998,0
butacarb,1,263.381,1,1,1,38.33,-4.24,0
Eriodictyol,1,288.255,4,3,1,107.22000000000001,-3.62,0
Benzophenone,1,182.222,0,2,2,17.07,-3.12,0
Eicosane,1,282.5559999999999,0,0,17,0,-8.172,0
hydrazobenzene,2,184.242,2,2,3,24.06,-2.92,0
2-Ethyl-1-butanol,1,102.17699999999999,1,0,3,20.23,-1.17,1
4-hydroxypyridine,1,95.10099999999998,1,1,0,33.120000000000005,1.02,1
"cis 1,2-Dichloroethylene",1,96.94400000000002,0,0,0,0,-1.3,1
Methylcyclopentane,1,84.162,0,1,0,0,-3.3,0
4-Methyl-2-pentanol,1,102.17699999999998,1,0,2,20.23,-0.8,1
RTI 11,1,254.28900000000002,1,3,0,55.56,-3.928,0
"2,2-Dimethylpropanol",1,88.14999999999999,1,0,0,20.23,-0.4,1
Triadimefon,1,293.754,0,2,4,57.010000000000005,-3.61,0
Isocarboxazid,1,231.25500000000002,2,2,4,67.16,-2.461,1
Propylene,1,42.080999999999996,0,0,0,0,-1.08,1
Dichlorophen,1,269.127,2,2,2,40.46,-3.9530000000000003,0
Desmedipham,1,300.314,2,2,4,76.66,-4.632,0
Anthraquinone,1,208.21599999999998,0,3,0,34.14,-5.19,0
2-Octanol,1,130.231,1,0,5,20.23,-2.09,1
Oxycarboxin,1,267.306,1,2,2,72.47,-2.281,1
Butylbenzene,1,134.22199999999998,0,1,3,0,-4.06,0
parabanic acid,1,114.05999999999999,2,1,0,75.27,-0.4,1
Abate,1,466.47900000000016,0,2,10,55.38000000000001,-6.237,0
Chlorthalidone,1,338.7720000000001,3,3,2,109.49000000000001,-3.451,0
Isobutyl acetate,1,116.15999999999998,0,0,2,26.3,-1.21,1
"2,2,3-Trimethylbutane",1,100.20499999999998,0,0,0,0,-4.36,0
"2,3,3',4,4'6-PCB",1,395.3270000000001,0,2,1,0,-7.66,0
Phthalonitrile,1,128.13399999999996,0,1,0,47.58,-2.38,1
m-Nitrotoluene,1,137.138,0,1,1,43.14,-2.44,1
halothane,1,197.381,0,0,0,0,-1.71,1
Oxamyl,1,219.266,1,0,1,70.99999999999999,0.106,1
Thiometon,1,246.35899999999998,0,0,7,18.46,-3.091,0
2-Methylbutane,1,72.151,0,0,1,0,-3.18,0
Stirofos,1,365.96400000000006,0,1,5,44.760000000000005,-4.522,0
